,rmse,mape
ARIMA,20.466499664343726,6.675785642415728
SARIMA,16.021576978937304,5.358953207109315
LSTM,22.80437347307417,8.030547590488734
