,rmse,mape
ARIMA,20.46650045337499,6.675785896931881
SARIMA,16.021778001492805,5.358986845357747
LSTM,22.837614442395864,8.066402295592995
